{"cameraMode":{"drawMode":0,"name":"Shaded","section":"Shading Mode"},"sceneLighting":false,"audioPlay":false,"sceneViewState":{"m_AlwaysRefresh":false,"showFog":true,"showSkybox":false,"showFlares":true,"showImageEffects":true,"showParticleSystems":true,"showVisualEffectGraphs":true,"m_FxEnabled":true},"in2DMode":false,"pivot":{"x":16.172046661376954,"y":0.5840877294540405,"z":23.641407012939454},"rotation":{"x":0.09203978627920151,"y":-0.13252854347229005,"z":0.012360841035842896,"w":0.9868195056915283},"size":0.7425336241722107,"orthographic":false}